area,bedrooms,bathrooms,location_suburban,location_urban
0.6750527405556144,1.118033988749895,1.0690449676496974,True,False
