area,bedrooms,bathrooms,location_suburban,location_urban
-0.7313071356019155,-1.118033988749895,-0.2672612419124246,True,False
-1.2938510860649275,-1.118033988749895,-1.6035674514745466,False,False
-0.1687631851389036,0.0,-0.2672612419124246,False,True
1.5188686662501323,1.118033988749895,1.0690449676496974,False,True
